id,created_at,text,media_url
1143424699113922560,2019-06-25 07:44:26,b'RT @CarlForrest: Laundry fight stop motion by Daniel Cloud Campos https://t.co/dW9N1ZUcM0',http://pbs.twimg.com/ext_tw_video_thumb/1142926065591042054/pu/img/VkSzgZAQxtCOBBm5.jpg
1140901876260626437,2019-06-18 08:39:38,"b'RT @PupaBeaumont: Ojo con este hilo:\n\n1) Llama, adaptado para grandes alturas. https://t.co/qPpcQdOgvZ'",http://pbs.twimg.com/media/D9MRsm-WkAAcFSx.jpg
1139909051784093696,2019-06-15 14:54:31,b'RT @kocizum: https://t.co/gcBnaFbGm4',http://pbs.twimg.com/ext_tw_video_thumb/1139615661318164480/pu/img/cN1Yfe2EJxFeNSgR.jpg
1134165591433076736,2019-05-30 18:32:03,"b'RT @elmalosa: ""Los hombres, no somos capaces de tener un video as\xc3\xad y no ense\xc3\xb1... https://t.co/LFMhlExYdp'",http://pbs.twimg.com/ext_tw_video_thumb/1133799769002971136/pu/img/bS7-RWqnRTz-Q16p.jpg
1122754971152392193,2019-04-29 06:50:19,b'RT @alkesstt: pablo casado ahora mismo https://t.co/t6M65ve0eS',http://pbs.twimg.com/media/D5RLen2WAAA9_eu.jpg
1121062952004653056,2019-04-24 14:46:50,"b'RT @lalusiiiii: Albert, la farola no https://t.co/XWxSjFIVp2'",http://pbs.twimg.com/media/D43CgD9WkAEK-FM.jpg
1119256016896626689,2019-04-19 15:06:43,"b'RT @HipHopLifemag: Tal d\xc3\xada como hoy, hace 25 a\xc3\xb1os, @Nas publicaba #Illmatic, su ic\xc3\xb3nica \xc3\xb3pera prima #classic https://t.co/ustOckPzLg'",http://pbs.twimg.com/media/D4hWMhfWsAIwgoS.jpg
1118842353756835840,2019-04-18 11:42:58,"b'RT @Psyart420: Due to the increase in the amount of light entering the camera, the resulting stroboscopic effect. https://t.co/BsjbxRnoae'",http://pbs.twimg.com/ext_tw_video_thumb/1118449789778169858/pu/img/-4nirY0sGsl43ciV.jpg
1117873947339448320,2019-04-15 19:34:52,b'RT @El_Festivalero: No saben coger un meg\xc3\xa1fono y quieren llevar pistolas. https://t.co/5uvT1cZCZz',http://pbs.twimg.com/media/D4NUt4EXkAAvhsH.jpg
1117316051497254913,2019-04-14 06:38:00,b'RT @JMHe_creative: Salud y Republica #14deAbril https://t.co/zTshwURRkm',http://pbs.twimg.com/media/D4F69tEW4AAKKpa.jpg
1113845768098603008,2019-04-04 16:48:20,b'RT @marushittt: tipos de fichas https://t.co/x8Tsrph92j',http://pbs.twimg.com/media/D3TySaXWAAEMwzV.jpg
1105466318826979329,2019-03-12 13:51:23,"b""RT @timberners_lee: It's up to us: https://t.co/cw39fNVZoM\n\n#Web30 #ForTheWeb https://t.co/VObBIPxeOj""",http://pbs.twimg.com/media/D1ch05VXcAAyb0Y.jpg
1104005926724534273,2019-03-08 13:08:19,b'RT @vidamoderna: https://t.co/iLEuzozRaH',http://pbs.twimg.com/media/D1Iu0BYWoAAg65t.jpg
1103304339744063488,2019-03-06 14:40:27,b'RT @ToniElSucio: \xc2\xbfJuego de Tronos o Breaking Bad? https://t.co/rgckDbVSBw',http://pbs.twimg.com/tweet_video_thumb/D0-MHmmWsAI5k0X.jpg
1101799962466230272,2019-03-02 11:02:36,b'RT @noabraspaz: https://t.co/0ohfPL0Qp3',http://pbs.twimg.com/ext_tw_video_thumb/1101544141157265408/pu/img/KBEvRLD3sZc_Aph-.jpg
1101753836182605824,2019-03-02 07:59:18,b'RT @Boudebouzismo: Este es el d\xc3\xada a d\xc3\xada que le espera a mi futuro hijo https://t.co/8ZeQTSVUv2',http://pbs.twimg.com/ext_tw_video_thumb/1101185661971976192/pu/img/VDRUVIE8-q9i7RQN.jpg
1098706572535046144,2019-02-21 22:10:34,"b'RT @GrownUpRap: Rap History: Dilated Peoples - \xe2\x80\x9820/20\xe2\x80\x99, released February 21, 2006. https://t.co/SjMzEkTO0Y'",http://pbs.twimg.com/media/Dz9LnpDWoAAw8oY.jpg
1097234796328161280,2019-02-17 20:42:15,"b'RT @GrownUpRap: Rap History: Jonwayne - \xe2\x80\x98Rap Album Two\xe2\x80\x99, released February 17, 2017. https://t.co/vd9NaBRHGa'",http://pbs.twimg.com/media/DzojiJhXQAIKuJa.jpg
746648912233115648,2016-06-25 10:19:07,"b'RT @VerstryngeJorge: A mis alumnos, que me aguantan. http://t.co/4ZqAP8SKxu'",http://pbs.twimg.com/media/BRkPQqPCIAEsOAJ.jpg
672781644277919744,2015-12-04 14:16:58,b'RT @BerenabasG: Make This Viral!! \nWe Need Answers!! @SFPD \n#BlackLivesMatter #SFPD https://t.co/93mg3AEoPM',http://pbs.twimg.com/ext_tw_video_thumb/672246445940989952/pu/img/ZeNkD4JnHflj7hpS.jpg
283242582929207299,2012-12-24 16:07:48,b'RT @ESEOEMEIKA: Cobardes.. @anticapi http://t.co/Ie3xLSYc',http://pbs.twimg.com/media/A-5EyqdCEAAl-1_.jpg
272307800800124928,2012-11-24 11:56:53,"b'RT @1BACHENFURECIDO: - Y T\xc3\x9a, \xc2\xbfPARA QUE ESTUDIAS? + http://t.co/pm6BpzM2'",http://pbs.twimg.com/media/A8dtO2wCEAAek0K.jpg
271723960671031296,2012-11-22 21:16:55,b'RT @zGabs: A los que defend\xc3\xa9is la noticia de El Mundo sobre los para\xc3\xadsos fiscales: http://t.co/n8Wc0nin',http://pbs.twimg.com/media/A8VbR1nCUAAbGxV.jpg
271631334399692800,2012-11-22 15:08:51,b'RT @Domingo_DeRamos: Soy el culpable de la crisis.. http://t.co/HmIcxKbn',http://pbs.twimg.com/media/A8UE-7_CcAAogs6.jpg
271360684544122881,2012-11-21 21:13:23,b'RT @ElAmanteDelRap: Subs casi igualados... http://t.co/APl29knw',http://pbs.twimg.com/media/A8QQ2NwCQAAkaw_.png
270999937863516160,2012-11-20 21:19:54,b'RT @3leenita12: http://t.co/v3ivIvnj',http://pbs.twimg.com/media/A8LIkOrCEAAqChl.jpg
270948710119243776,2012-11-20 17:56:21,b'RT @MaiKy_GODLIKE: Cara que ponen los profesores al entrar a clase el dia del examen. http://t.co/c8jjjPOM',http://pbs.twimg.com/media/A8KaIM6CAAITDp6.jpg
270945598163800065,2012-11-20 17:43:59,b'RT @_KaseO_: \xc2\xbfCu\xc3\xa1ndo volver\xc3\xa1 Doble V?\xc2\xbfCu\xc3\xa1ndo volver\xc3\xa1 Kase.O? http://t.co/ZHjYBW7e',http://pbs.twimg.com/media/A8KXOUGCAAAUog4.png
270626049409286144,2012-11-19 20:34:12,b'RT @ARMA_X: Dadle difusion a esto. http://t.co/8kxtJo6z',http://pbs.twimg.com/media/A8BRJ9iCcAEAXf4.jpg
270553453330309120,2012-11-19 15:45:44,b'RT @XabelG: Recortables y recortados http://t.co/RYdGIJ10',http://pbs.twimg.com/media/A8EyvYLCMAABVTR.jpg
270552636284096513,2012-11-19 15:42:29,b'RT @XabelG: #gaza http://t.co/2fAXMVVx',http://pbs.twimg.com/media/A8EyCCSCYAA8ta2.png
270123918193463296,2012-11-18 11:18:55,b'RT @AwayFrom1D: APLAUSOS A QUIEN HA ESCRITO ESTO. http://t.co/yQuP1ASP',http://pbs.twimg.com/media/A71XHFRCIAENCmV.jpg
270123139147657216,2012-11-18 11:15:49,"b'RT @PabloHasel: Objetivos de Israel, pues quieren destruir el futuro de Palestina. http://t.co/WXwJEbYG'",http://pbs.twimg.com/media/A7-rDR1CUAE__-1.jpg
270121527297597440,2012-11-18 11:09:25,b'RT @PabloHasel: El f\xc3\xb3sforo blanco que lanzan los sionistas. http://t.co/wsLxf3Wf',http://pbs.twimg.com/media/A7-pnz8CYAAUca-.jpg
270119208917028864,2012-11-18 11:00:12,b'RT @CruzDiez: \xc2\xbf3 cosas hay en la vida? http://t.co/oeN2JNma',http://pbs.twimg.com/media/A7-mz2nCEAAkpKl.jpg
269750359738699776,2012-11-17 10:34:32,b'RT @ARMA_X: DIFUNDASE http://t.co/5eX1Yuli',http://pbs.twimg.com/media/A75YQnkCEAA8Tyh.jpg
269745675204456449,2012-11-17 10:15:55,b'RT @LocusDuoKie: Jajaja http://t.co/ZrXYE6zH',http://pbs.twimg.com/media/A71Xek6CMAEqESm.jpg
269505805722742785,2012-11-16 18:22:45,b'RT @Titofalsalarma: Escuchando la new shit!! Comiendome las putas u\xc3\xb1as jajajaa... http://t.co/mF5XUorg',http://pbs.twimg.com/media/A715w8DCYAILMMI.jpg
269197794294763520,2012-11-15 21:58:50,b'RT @ElAmanteDelRap: http://t.co/7jYosB6j',http://pbs.twimg.com/media/A7xheNECAAEusrc.jpg
269195467353645056,2012-11-15 21:49:35,b'RT @Puta_Espanya: Licencia para matar...elefantes http://t.co/UbyIgYY7',http://pbs.twimg.com/media/A7xfikWCQAAv3O3.jpg
269187036118917120,2012-11-15 21:16:05,b'RT @LacrataRebel: \xc2\xbfD\xc3\x93NDE EST\xc3\x81N LOS ORGANISMOS DE DERECHOS HUMANOS? SIONISTAS ASESINOS!!! DIFUNDIR!! http://t.co/sKRl0aZR',http://pbs.twimg.com/media/A7xXRK6CEAAaRWo.jpg
269122530508414976,2012-11-15 16:59:45,b'RT @mikeliturriaga: QU\xc3\x89 ASTUTOS son algunos para enga\xc3\xb1arnos con las etiquetas http://t.co/8I2kaO4J v\xc3\xada @arquetra',http://pbs.twimg.com/media/A7wOSQuCIAEdzDW.jpg
268658356510666752,2012-11-14 10:15:18,b'RT @PabloGabande: Espontaneo al paso del piquete joven. #14n #sinmiedo #PiqueteJoven http://t.co/gbkeQMZ9',http://pbs.twimg.com/media/A7pb6UQCMAErw8Z.jpg
268650705399713792,2012-11-14 09:44:54,b'RT @SenkoHipHop: -AHMIED! ENIEMIGOS! - DIOENDEEEE?!? 0-0 ACTIVIANDO DINIAMITAAAAA. (@elyas360) http://t.co/oHEAGF89',http://pbs.twimg.com/media/A7pv3UtCMAA2wsv.jpg
268021832500797442,2012-11-12 16:05:59,b'RT @bySaXxo: Yo no tengo el BO2 pero mientras vosotros jugais yo estoy con estas 2 :D http://t.co/gsT3Q24g',http://pbs.twimg.com/media/A7g0StECQAAPR1s.jpg
268006093693796352,2012-11-12 15:03:26,b'RT @JPSurvi: ASI SON TODOS LOS DEPENDIENTES DEL GAME QUE ESTAN ESPERANDO PERMISO PARA VENDER EL BO2 http://t.co/9TO4UxoK',http://pbs.twimg.com/media/A7gljXjCIAEGj10.jpg
267747779676344320,2012-11-11 21:56:59,b'RT @curiosidadesabe: ENORME! jaja. http://t.co/CAKwP7CR',http://pbs.twimg.com/media/A7Ndv2eCIAEnD-L.jpg
267736137341235200,2012-11-11 21:10:44,"b'RT @Barajas_el: Las rubias no son tontas, saben leer al rev\xc3\xa9s http://t.co/pAjZa4rk'",http://pbs.twimg.com/media/A7bsMtoCAAAWoAq.jpg
267378468503842816,2012-11-10 21:29:29,b'RT @MejoresTwits: Mi pou JAJAJAJAJA. http://t.co/zAfM6gVW',http://pbs.twimg.com/media/A7XrJg5CYAAxGGq.jpg
267301419688812544,2012-11-10 16:23:19,b'RT @MejoresTwits: Triste pero cierto... http://t.co/rKoYTjLS',http://pbs.twimg.com/media/A7MgrXhCYAAvpPe.jpg
266963693537992704,2012-11-09 18:01:19,"b'RT @LosGenoveses: Ricardo Costa, tal cual. http://t.co/bn0GUSaF'",http://pbs.twimg.com/media/A7RxR0aCAAEZW8-.jpg
266920070586982401,2012-11-09 15:07:58,b'RT @Ventajersey: Camiseta Nowitzki NBA AUTHENTIC REV30 versi\xc3\xb3n de Juego! Talla M 38\xe2\x82\xac Env\xc3\xado de 5 a 7 d\xc3\xadas inclu\xc3\xaddo! RT http://t.co/81WyiFbC',http://pbs.twimg.com/media/A7RKC5fCAAISAVC.jpg
266919443735654400,2012-11-09 15:05:29,b'RT @MejoresTwits: Feliz Viernes a todos menos a los microondas que se r\xc3\xaden de tu cara... http://t.co/OfzgLCIh',http://pbs.twimg.com/media/A7RJroPCEAEKmnF.jpg
266917783483342849,2012-11-09 14:58:53,b'RT @bysTaXx: Camuflaje de carbono en Black Ops 2!! RT!! http://t.co/ui1Ixmhj',http://pbs.twimg.com/media/A7RIGgiCIAA7WBL.jpg
266912374953496576,2012-11-09 14:37:23,b'RT @Ventajersey: NOVEDAD: \xc3\x81lbum NBA NCAA Liga Universitaria USA. https://t.co/9oiJzvx6 http://t.co/BNUO56li',http://pbs.twimg.com/media/A7RDAXeCAAAoCRG.jpg
266585927659425793,2012-11-08 17:00:12,b'RT @Nazamfe: Sus ojos &lt;3 http://t.co/CEJoMdkV',http://pbs.twimg.com/media/A7ITpBrCEAEld0L.jpg
266582353940447233,2012-11-08 16:46:00,"b'RT @Laura_RMCF: Ken con barba, ya s\xc3\xad que no se le puede pedir m\xc3\xa1s. http://t.co/XB6HWu9W'",http://pbs.twimg.com/media/A7MWtjHCYAAmjgI.jpg
266575816379473922,2012-11-08 16:20:02,b'RT @IamNadiaaaaa: Ten atenci\xc3\xb3n !!!! Dec\xc3\xada mi abuelo ....\n\n@alejodorowsky http://t.co/dkXh02YO',http://pbs.twimg.com/media/A7MNY-DCMAAFan2.jpg
266561388162465792,2012-11-08 15:22:42,b'RT @kailsmv: Incre\xc3\xadble foto de la #FinalCup3. \xc2\xa1Puro sh.. espect\xc3\xa1culo! http://t.co/A0mCk2G8',http://pbs.twimg.com/media/A7IPr0jCIAIPvDE.jpg
266558663232217089,2012-11-08 15:11:52,b'RT @Guillecascon: @MarioVarasS Atento al pavo: http://t.co/ghekhWs9',http://pbs.twimg.com/media/A7L_nx0CMAMtZ6P.png
266555636249153537,2012-11-08 14:59:50,b'RT @SaLviTa07: Black Ops 2 a la venta en GAME!! RT http://t.co/3n66gjOb',http://pbs.twimg.com/media/A7L-3EdCYAAu3lW.jpg
265924071089389570,2012-11-06 21:10:13,"b'RT @YourAnonNews: This---&gt; RT @sanscatia: Obama &amp; Romney supporters, come at me @YourAnonNews http://t.co/Zzp2mR8D'",http://pbs.twimg.com/media/A7C_yIzCEAAE1eO.jpg
265870424905232385,2012-11-06 17:37:03,b'RT @Nazamfe: @marianorajoy http://t.co/0Ro8rTNR',http://pbs.twimg.com/media/A7CPnYECIAEn1St.jpg
265551311087497217,2012-11-05 20:29:00,"b'RT @PabloHasel: \xc2\xbfC\xc3\xb3mo se llama tu hijo, dices? http://t.co/5CqyXHnZ'",http://pbs.twimg.com/media/A69sB5iCMAEJhQy.jpg
265116421728641026,2012-11-04 15:40:55,b'RT @LassanaDiarra_: #LOL || http://t.co/re6fbiUn',http://pbs.twimg.com/media/A63hncSCMAAI7Ly.png
265047759223148544,2012-11-04 11:08:04,"b'RT @WeAreAIGM: Guillermo D\xc3\xadaz I. ""Willyrex el valiente."" http://t.co/1vyZXt83'",http://pbs.twimg.com/media/A6z9R0yCYAIFLa4.png
264117284228980737,2012-11-01 21:30:42,b'RT @ElAmanteDelRap: http://t.co/ayktEPh0',http://pbs.twimg.com/media/A6pVFuUCEAA-lV9.jpg
264106734216421376,2012-11-01 20:48:46,"b'RT @Extremoquotes: ""Vosotros pod\xc3\xa9is hacer lo que quer\xc3\xa1is, ya sab\xc3\xa9is, est\xc3\xa1is en un pa\xc3\xads libre. Eso s\xc3\xad, que no os vean."" http://t.co/TzI01Xji'",http://pbs.twimg.com/media/A6pLZr1CIAA46Z9.jpg
263944969306378240,2012-11-01 10:05:59,"b'RT @FelipeAlcarazM: http://t.co/ApcZuPC5 Vamos a parar este pa\xc3\xads, tambi\xc3\xa9n con MUNDO OBRERO.'",http://pbs.twimg.com/media/A6mryQeCUAA6GDo.jpg
263654794290413568,2012-10-31 14:52:56,b'RT @gobiernoespa: Consecuencias de los recortes en educaci\xc3\xb3n 10: http://t.co/fzJbqx4h',http://pbs.twimg.com/media/A6iuJwdCMAAQISp.jpg
262942660770295808,2012-10-29 15:43:10,"b'RT @YourAnonNews: fucking wow\xe2\x80\xa6 RT @nowthisnews: How high is the water in Brigantine, NJ? This high: #sandy http://t.co/pU3kpd3p'",http://pbs.twimg.com/media/A6YdNNWCMAImAD9.jpg
262933849330294784,2012-10-29 15:08:09,"b'RT @cbolchevique: El Partido fascista ""Svoboda"" se cuela en el Parlamento ucraniano con 8% de votos. Veamos su careto http://t.co/vbpUq4jn'",http://pbs.twimg.com/media/A6YgabcCMAAiipG.jpg
262659913011044352,2012-10-28 20:59:37,b'RT @Mr_Inteligente: Los lunes no dan tanto asco si lo comparamos con esto. http://t.co/nqQO7ztI',http://pbs.twimg.com/media/A6UnG6dCUAEljKn.jpg
262646008452898816,2012-10-28 20:04:22,b'RT @srcapullo: Prep\xc3\xa1rate bonita: http://t.co/2S4cVMMe',http://pbs.twimg.com/media/A6UaWwaCMAINaMM.jpg
262638028680478721,2012-10-28 19:32:40,b'RT @Abbiad86: Para todos aquellos/as que a\xc3\xban no lo sepan... http://t.co/MIKM9c4V',http://pbs.twimg.com/media/A6UTnTnCYAIukpb.jpg
262552824993427457,2012-10-28 13:54:06,b'RT @Sr_Cacahuete: Ahora todo encaja... #CacahueteEducaYDivierte http://t.co/WYk7bAgC',http://pbs.twimg.com/media/A4tgBquCQAA1YGW.jpg
262493376853704704,2012-10-28 09:57:52,b'RT @LVPes: Impresionante entrada de la gente a la #FinalCup3 http://t.co/VGzfO6x7',http://pbs.twimg.com/media/A6SQF3MCEAAJy9F.jpg
262305398537723905,2012-10-27 21:30:55,b'RT @ConVdeViolarte: Si os reis de esto u os da igual es que no teneis corazon. http://t.co/UdS8bQQT',http://pbs.twimg.com/media/A5rMACNCQAETzb7.jpg
262303125011058688,2012-10-27 21:21:53,b'RT @Sr_Cacahuete: RT si te gustan alguno de estos placeres... http://t.co/QWbTAIJ8',http://pbs.twimg.com/media/A6PipsICUAEPQb4.jpg
262252828544888833,2012-10-27 18:02:01,b'RT @TuiterHits: No es por joderos la fiesta pero\xe2\x80\xa6 http://t.co/pu0vrXM4',http://pbs.twimg.com/media/A6OXMByCUAA0OEM.jpg
262137880393154560,2012-10-27 10:25:15,b'RT @DijoUnTweet: RT si lo puedes leer: http://t.co/t3Mrvsib',http://pbs.twimg.com/media/A5v9YboCQAEsceM.jpg
261823693691445249,2012-10-26 13:36:47,"b'RT @PabloHasel: Cerdo explotador, no nos enga\xc3\xb1as. http://t.co/rItOLePc'",http://pbs.twimg.com/media/A6FC6DrCUAAcbN9.jpg
261507979235430400,2012-10-25 16:42:15,"b'RT @ElAmanteDelRap: Yo tampoco s\xc3\xa9 vivir, estoy improvisando \npues cada uno tiene que ir tirando a su manera. http://t.co/JTbcnokY'",http://pbs.twimg.com/media/A6EPaqtCQAAHXw5.jpg
260824601532170240,2012-10-23 19:26:45,b'RT @UnionMarxista: \xc2\xbfRefundar el capitalismo? http://t.co/JX8wNbMM',http://pbs.twimg.com/media/A56f8XaCcAAxwdF.jpg
259023956642787328,2012-10-18 20:11:38,b'RT @TONILA99: Con @chikosdelmaiz en la mani de sta ma\xc3\xb1ana. Muy grandes!!! http://t.co/2enLhP6L',http://pbs.twimg.com/media/A5fysIaCIAE_KrR.jpg
258978835733827586,2012-10-18 17:12:20,"b'RT @_Eskizofrenico: Cari\xc3\xb1o, te he comprado algo por nuestro aniversario. http://t.co/vrGrKR56'",http://pbs.twimg.com/media/A5gTTpYCIAIquS1.jpg
258918076437889024,2012-10-18 13:10:54,b'RT @Soviet_Boy: Para los que hablan basura sobre Cuba sin tener ni puta idea http://t.co/6iYqkxn8',http://pbs.twimg.com/media/A5fW6x2CQAA4Sor.png
258917286621106177,2012-10-18 13:07:46,"b'RT @dicasas82: Una nacion de ovejas, engendra un gobierno de lobos. http://t.co/TaTQEn0O'",http://pbs.twimg.com/media/A5fahGACQAEsQyI.jpg
258576346886848513,2012-10-17 14:32:59,b'RT @CamaradaAlex: Aqu\xc3\xad un peri\xc3\xb3dico de la \xc3\xa9poca http://t.co/FI2jAqJs',http://pbs.twimg.com/media/A5Yz6yCCIAApTe5.jpg
258217498661507072,2012-10-16 14:47:03,"b'RT @DjRandyRuiz: Toteking y Shotta firmando 100 vinilos de ""H\xc3\xa9roe""! http://t.co/SHnKxYiS'",http://pbs.twimg.com/media/A5UpTYLCMAEjOS3.jpg
257562653843681280,2012-10-14 19:24:56,"b'RT @Soviet_Boy: El PSOE es de izquierdas, socialista y obrero. http://t.co/wuVRUsfE'",http://pbs.twimg.com/media/A5MLGSNCMAApmkR.jpg
257474805173997568,2012-10-14 13:35:51,b'RT @HIPHOPRAP2012: - El reggaeton siempre ser\xc3\xa1 mejor que el rap. + http://t.co/Ads9lM54',http://pbs.twimg.com/media/A5K5cQhCcAAQqvV.jpg
257082913944899584,2012-10-13 11:38:37,b'RT @HidanThugLife: \xe2\x80\x94\xc2\xbfSabes ingl\xc3\xa9s? \xe2\x80\x94La duda ofende http://t.co/KryDCN3A',http://pbs.twimg.com/media/A4S__hrCAAAWaQU.jpg
257034051301560321,2012-10-13 08:24:27,b'RT @VioladoresVerso: Un final y un nuevo principio. Todo en una foto. KaseO &amp; Metro!!! http://t.co/33HQvQk2',http://pbs.twimg.com/media/A5B1dinCUAAQg4y.jpg
256834424564510720,2012-10-12 19:11:13,b'RT @ElAmanteDelRap: #CosasQueMeDanGrima http://t.co/gwEzSBaU',http://pbs.twimg.com/media/A5B1D3gCYAADDX8.jpg
256743812469227520,2012-10-12 13:11:09,b'RT @Adrian92Oficial: Duro titular... http://t.co/HlwntWBK',http://pbs.twimg.com/media/AwQQ7cMCAAE6sSV.jpg
256740822702243840,2012-10-12 12:59:16,"b'RT @WeAreAIGM: Hoy a las 21:00, dejaros llevar por la locura. http://t.co/WIix1w8V'",http://pbs.twimg.com/media/A5Af1vQCIAAZiV9.jpg
256037334942875648,2012-10-10 14:23:52,b'RT @Abbiad86: La Iglesia la mayor secta de la historia http://t.co/rLYuQd7U',http://pbs.twimg.com/media/A42Jf3mCEAERZPd.jpg
256036781198278656,2012-10-10 14:21:40,b'RT @Puta_Espanya: Que sep\xc3\xa1is lo que est\xc3\xa1is celebrando IMB\xc3\x89CILES http://t.co/iHMQT0DZ',http://pbs.twimg.com/media/A42f9UfCQAAq6D8.jpg
256036416587436032,2012-10-10 14:20:13,b'RT @Puta_Espanya: 12-O RES A CELEBRAR http://t.co/6iR59D3e',http://pbs.twimg.com/media/A42eIFgCAAAgY9e.jpg
255391855603224577,2012-10-08 19:38:57,b'RT @LocoOtro: \xc2\xbfQuer\xc3\xa9is llorar? Leed esto: http://t.co/omxIvLfl',http://pbs.twimg.com/media/A4srDBKCcAEDUF2.png
255303201912418305,2012-10-08 13:46:41,b'RT @3stop4: #videojuegosviejunos El mejor que habido y habra... http://t.co/jfoDlLdD',http://pbs.twimg.com/media/A4r00ahCEAAM4xl.jpg
253874022406832128,2012-10-04 15:07:38,b'RT @LaPolicia_: Foto Tuenti http://t.co/1WQasvma',http://pbs.twimg.com/media/A4Xt91kCAAAApHH.jpg
253579879537315840,2012-10-03 19:38:49,b'RT @YourAnonNews: Do you know what the #NDAA is? http://t.co/8nv6zl3c',http://pbs.twimg.com/media/A4TkUOUCIAErJ9N.jpg
253223702655819777,2012-10-02 20:03:30,b'RT @Boamusica: Cuervos en la puerta de Triburbana http://t.co/Grs8lCep',http://pbs.twimg.com/media/A4OhRGfCQAA4woN.jpg
252772428244193281,2012-10-01 14:10:17,b'RT @PUTOJUANDA: Encuentra al beb\xc3\xa9 oculto: http://t.co/6aJw66vJ',http://pbs.twimg.com/media/A4H3UU6CIAA5zjr.jpg
252484621386792961,2012-09-30 19:06:39,b'RT @PabloHasel: Esto es terrorismo y todos los responsables deber\xc3\xadan ser castigados. Muerte al capitalismo http://t.co/fktjk2Ok',http://pbs.twimg.com/media/A3-7XoUCAAA4O5D.jpg
252484443703500801,2012-09-30 19:05:56,b'RT @PabloHasel: jojojo http://t.co/XEVCbWD4',http://pbs.twimg.com/media/A4CMwScCYAAHkXi.jpg
252483020295135233,2012-09-30 19:00:17,b'RT @PabloHasel: bien dado http://t.co/u9tNYg6z',http://pbs.twimg.com/media/A4D_uAICcAILcUM.jpg
252001617895899136,2012-09-29 11:07:22,"b'RT @acampadaxixon: #NiT\xc3\xadteresNiTroika #29S los mercados no tienen fronteras, nosotros tampoco :D http://t.co/wMFF8DoC'",http://pbs.twimg.com/media/A39B9J4CEAAUqyD.jpg
251677135075414016,2012-09-28 13:37:59,b'RT @laurita__19: ya estoy lista en black ops ll xDD http://t.co/b73cu71P',http://pbs.twimg.com/media/A34iwxeCYAEGE2a.jpg
250684822794670080,2012-09-25 19:54:53,b'RT @Davelotodo: Ellas no tienen la culpa. #25sMAD http://t.co/rGN48Tk9',http://pbs.twimg.com/media/A3qcL3nCUAABOhs.jpg
250683600545128448,2012-09-25 19:50:02,b'RT @JefedelaM: La polic\xc3\xada inmovilizando a Hulk. https://t.co/GqjLvg4x',http://pbs.twimg.com/media/A3qZ3MzCAAAv3vR.jpg
250671525039071232,2012-09-25 19:02:03,"b'RT @reyesmontiel: \xe2\x80\x9c@elgiro80: ""\xc3\x89sta imagen vale m\xc3\xa1s que mil palabras #hoyes25S 25-S http://t.co/JGTNWLng @juanantoGil""\xe2\x80\x9d buen\xc3\xadsima foto'",http://pbs.twimg.com/media/A3p0suTCMAEFR9f.jpg
250667577662124032,2012-09-25 18:46:22,"b'RT @eldiarioes: FOTO a\xc3\xa9rea. Cae la noche. Miles de personas siguen concentradas en Neptuno, absolutamente lleno. #25S http://t.co/ycAQg18r'",http://pbs.twimg.com/media/A3qJ7F3CMAAZ_jT.jpg
250276512094384128,2012-09-24 16:52:25,b'RT @Guillecascon: Vicios y virtudes http://t.co/3XMSYC9q',http://pbs.twimg.com/media/A3kpClRCUAA0x1I.png
243444532866338816,2012-09-05 20:24:34,"b'RT @Tercerarepblica: Si Dios toca tu vida, ten por seguro que subir\xc3\xa1s... http://t.co/6BvLbPaW'",http://pbs.twimg.com/media/A2DNKg6CUAEAY7A.jpg
243440217351155712,2012-09-05 20:07:25,b'RT @MelanieIglesias: Friendfriez! \xf0\x9f\x8d\x9f http://t.co/FSlNvlpH',http://pbs.twimg.com/media/A1v0-3OCMAAnd9O.jpg
242531776520675328,2012-09-03 07:57:36,b'RT @Puta_Espanya: PELICUL\xc3\x93N!!! (No Apta Para Menores de 18...eeeh @neuspunk ?) http://t.co/COMRLSgK',http://pbs.twimg.com/media/A12kjvxCQAADqXv.jpg
242367965864017920,2012-09-02 21:06:40,b'RT @bysTaXx: WTF? @WillyrexYT http://t.co/wombBiuZ',http://pbs.twimg.com/media/A1fa8tDCcAE9TPp.jpg
239679964813856768,2012-08-26 11:05:31,b'RT @_Eskizofrenico: \xc2\xa1Listo para comer! http://t.co/AZuJObkX',http://pbs.twimg.com/media/A1ODOspCUAATvvN.jpg
229527889828265985,2012-07-29 10:44:48,b'RT @_Eskizofrenico: \xc2\xbfPuede haber algo m\xc3\xa1s bonito que un parto? http://t.co/eE98J9Eo',http://pbs.twimg.com/media/Ay9yJiOCcAEbCy5.jpg
228775261590679552,2012-07-27 08:54:07,"b'RT @Mr_BULIVED: Omanyte capturado, ya me quedan 250 :D http://t.co/pC8nOC6p'",http://pbs.twimg.com/media/AyzFyvZCQAExnA0.jpg
226666506665226240,2012-07-21 13:14:41,b'RT @LuisCalles9: #FormasDeDemostrarTuRetraso Nada m\xc3\xa1s que decir. http://t.co/LAZttkN8',http://pbs.twimg.com/media/AyVGAWyCIAAjut3.jpg
226298600613871616,2012-07-20 12:52:45,b'RT @JotDownSpain: \xc2\xa1\xc2\xa1\xc2\xa1605!!! http://t.co/uChpDuu5',http://pbs.twimg.com/media/AyP3aiVCYAAZmzi.jpg
226257096251949056,2012-07-20 10:07:50,b'RT @iunida: Diputados de @iunida #AlaMoncloa #Rebeli\xc3\xb3nDemocr\xc3\xa1tica http://t.co/qJHTK8JY',http://pbs.twimg.com/media/AyPSSLBCQAAz_ng.jpg
226074258474930177,2012-07-19 22:01:18,b'RT @Calle13Oficial: Ya est\xc3\xa1n listos con la guillotina pa cortar cabezas http://t.co/cv6suVKJ',http://pbs.twimg.com/media/AyMoOSmCUAE6duJ.jpg
225889897658064897,2012-07-19 09:48:43,b'RT @Soldador_Raya: Nesesito encontrar mi otra media naranja http://t.co/npJcuVPu',http://pbs.twimg.com/media/AyKFMnbCQAAHz80.jpg
224595307583909889,2012-07-15 20:04:28,b'RT @Tercerarepblica: G\xc3\xa9nova ahora mismo. http://t.co/1RiHRS3M',http://pbs.twimg.com/media/Ax3rvuBCEAIibDZ.jpg
